{
  "input": {
    "constants": {
      "angstrom2bohrs": 1.8897261246257702,
      "dipmom_au2debye": 2.5417464739297717,
      "electron_g_factor": -2.00231930436256,
      "fine_structure_constant": 0.0072973525693,
      "hartree2ev": 27.211386245988,
      "hartree2kcalmol": 627.5094740630558,
      "hartree2kjmol": 2625.4996394798254,
      "hartree2simagnetizability": 78.9451185,
      "hartree2wavenumbers": 219474.6313632,
      "light_speed": 137.035999084
    },
    "molecule": {
      "cavity": {
        "spheres": [
          {
            "alpha": 1.1,
            "beta": 0.5,
            "center": [
              0.0,
              0.0,
              -0.7
            ],
            "radius": 0.79,
            "sigma": 0.2
          },
          {
            "alpha": 1.1,
            "beta": 0.5,
            "center": [
              0.0,
              0.0,
              0.7
            ],
            "radius": 0.79,
            "sigma": 0.2
          }
        ]
      },
      "charge": 0,
      "coords": [
        {
          "atom": "h",
          "r_rms": 2.6569547399e-05,
          "xyz": [
            0.0,
            0.0,
            -0.7
          ]
        },
        {
          "atom": "h",
          "r_rms": 2.6569547399e-05,
          "xyz": [
            0.0,
            0.0,
            0.7
          ]
        }
      ],
      "multiplicity": 1
    },
    "mpi": {
      "bank_size": -1,
      "numerically_exact": true,
      "shared_memory_size": 10000
    },
    "mra": {
      "basis_order": 5,
      "basis_type": "interpolating",
      "boxes": [
        2,
        2,
        2
      ],
      "corner": [
        -1,
        -1,
        -1
      ],
      "max_scale": 20,
      "min_scale": -4
    },
    "printer": {
      "file_name": "mrchem_mpi_vecmult",
      "print_constants": false,
      "print_level": 3,
      "print_mpi": false,
      "print_prec": 6,
      "print_width": 75
    },
    "rsp_calculations": {},
    "scf_calculation": {
      "fock_operator": {
        "coulomb_operator": {
          "poisson_prec": 0.001,
          "shared_memory": false
        },
        "exchange_operator": {
          "exchange_prec": -1.0,
          "poisson_prec": 0.001
        },
        "kinetic_operator": {
          "derivative": "abgv_55"
        },
        "nuclear_operator": {
          "nuclear_model": "point_like",
          "proj_prec": 0.001,
          "shared_memory": false,
          "smooth_prec": 0.001
        },
        "reaction_operator": {
          "density_type": "total",
          "dynamic_thrs": true,
          "epsilon_in": 1.0,
          "epsilon_out": 2.0,
          "formulation": "exponential",
          "kain": 5,
          "max_iter": 10,
          "optimizer": "potential",
          "poisson_prec": 0.001
        },
        "xc_operator": {
          "shared_memory": false,
          "xc_functional": {
            "cutoff": 0.0,
            "functionals": [
              {
                "coef": 1.0,
                "name": "pbe0"
              }
            ],
            "spin": false
          }
        }
      },
      "initial_guess": {
        "environment": "PCM",
        "external_field": "None",
        "file_CUBE_a": "cube_vectors/CUBE_a_vector.json",
        "file_CUBE_b": "cube_vectors/CUBE_b_vector.json",
        "file_CUBE_p": "cube_vectors/CUBE_p_vector.json",
        "file_basis": "initial_guess/mrchem.bas",
        "file_chk": "checkpoint/phi_scf",
        "file_gto_a": "initial_guess/mrchem.moa",
        "file_gto_b": "initial_guess/mrchem.mob",
        "file_gto_p": "initial_guess/mrchem.mop",
        "file_phi_a": "initial_guess/phi_a_scf",
        "file_phi_b": "initial_guess/phi_b_scf",
        "file_phi_p": "initial_guess/phi_p_scf",
        "localize": false,
        "method": "DFT (PBE0)",
        "prec": 0.001,
        "relativity": "None",
        "restricted": true,
        "screen": 12.0,
        "type": "sad_gto",
        "zeta": 0
      },
      "properties": {
        "dipole_moment": {
          "dip-1": {
            "operator": "h_e_dip",
            "precision": 0.001,
            "r_O": [
              0.0,
              0.0,
              0.0
            ]
          }
        }
      },
      "scf_solver": {
        "checkpoint": false,
        "energy_thrs": -1.0,
        "environment": "PCM",
        "external_field": "None",
        "file_chk": "checkpoint/phi_scf",
        "final_prec": 0.001,
        "helmholtz_prec": -1.0,
        "kain": 5,
        "localize": false,
        "max_iter": 100,
        "method": "DFT (PBE0)",
        "orbital_thrs": 0.01,
        "relativity": "None",
        "rotation": 0,
        "start_prec": 0.001
      }
    },
    "schema_name": "mrchem_input",
    "schema_version": 1
  },
  "output": {
    "properties": {
      "center_of_mass": [
        0.0,
        0.0,
        -1.1189687543466913e-17
      ],
      "charge": 0,
      "dipole_moment": {
        "dip-1": {
          "magnitude": 2.344053641452216e-07,
          "r_O": [
            0.0,
            0.0,
            0.0
          ],
          "vector": [
            0.0,
            0.0,
            -2.3440536414521484e-07
          ],
          "vector_el": [
            0.0,
            0.0,
            -2.3440536569952707e-07
          ],
          "vector_nuc": [
            0.0,
            0.0,
            0.0
          ]
        }
      },
      "geometry": [
        {
          "symbol": "H",
          "xyz": [
            0.0,
            0.0,
            -0.7
          ]
        },
        {
          "symbol": "H",
          "xyz": [
            0.0,
            0.0,
            0.7
          ]
        }
      ],
      "multiplicity": 1,
      "orbital_energies": {
        "energy": [
          -0.3760697805915776
        ],
        "occupation": [
          2.0
        ],
        "spin": [
          "p"
        ],
        "sum_occupied": -0.7521395611831552
      },
      "scf_energy": {
        "E_ee": 1.2310502090774298,
        "E_eext": 0.0,
        "E_el": -1.7837832547310701,
        "E_en": -3.469173118631002,
        "E_kin": 1.0095421876056432,
        "E_next": 0.0,
        "E_nn": 0.7142857142857143,
        "E_nuc": 0.5414262228567106,
        "E_tot": -1.2423570318743595,
        "E_x": -0.15387890900219556,
        "E_xc": -0.4989113454655498,
        "Er_el": 0.09758772168460414,
        "Er_nuc": -0.17285949142900367,
        "Er_tot": -0.07527176974439911
      }
    },
    "provenance": {
      "creator": "MRChem",
      "mpi_processes": 32,
      "nthreads": 16,
      "routine": "mrchem.x",
      "total_cores": 512,
      "version": "1.2.0-alpha"
    },
    "rsp_calculations": null,
    "scf_calculation": {
      "initial_energy": {
        "E_ee": 1.3403447956231214,
        "E_eext": 0.0,
        "E_el": -1.7798561305799598,
        "E_en": -3.6922331604925516,
        "E_kin": 1.1864130556727557,
        "E_next": 0.0,
        "E_nn": 0.7142857142857143,
        "E_nuc": 0.5641981777122282,
        "E_tot": -1.2156579528677316,
        "E_x": -0.16670142485054426,
        "E_xc": -0.5402801389796565,
        "Er_el": 0.09260074244691546,
        "Er_nuc": -0.15008753657348603,
        "Er_tot": -0.057486794126570435
      },
      "scf_solver": {
        "converged": true,
        "cycles": [
          {
            "energy_terms": {
              "E_ee": 1.2325572485380232,
              "E_eext": 0.0,
              "E_el": -1.7866678174300952,
              "E_en": -3.4754813526840396,
              "E_kin": 1.0151994370940214,
              "E_next": 0.0,
              "E_nn": 0.7142857142857143,
              "E_nuc": 0.5454035986905045,
              "E_tot": -1.2412642187395906,
              "E_x": -0.15406727810819518,
              "E_xc": -0.499734547629085,
              "Er_el": 0.09485867535918001,
              "Er_nuc": -0.1688821155952098,
              "Er_tot": -0.07402344023603016
            },
            "energy_total": -1.2412642187395906,
            "energy_update": 0.02560626587185899,
            "mo_residual": 0.09699147691668554,
            "wall_time": 2.172396499
          },
          {
            "energy_terms": {
              "E_ee": 1.2310502090774298,
              "E_eext": 0.0,
              "E_el": -1.7837832547310701,
              "E_en": -3.469173118631002,
              "E_kin": 1.0095421876056432,
              "E_next": 0.0,
              "E_nn": 0.7142857142857143,
              "E_nuc": 0.5414262228567106,
              "E_tot": -1.2423570318743595,
              "E_x": -0.15387890900219556,
              "E_xc": -0.4989113454655498,
              "Er_el": 0.09758772168460414,
              "Er_nuc": -0.17285949142900367,
              "Er_tot": -0.07527176974439911
            },
            "energy_total": -1.2423570318743595,
            "energy_update": 0.001092813134768944,
            "mo_residual": 0.009823108825428264,
            "wall_time": 3.112130095
          }
        ],
        "wall_time": 5.288808987
      },
      "success": true
    },
    "schema_name": "mrchem_output",
    "schema_version": 1,
    "success": true
  }
}
